# nro,promedio_std1,promedio_std2,promedio_std3,promedio_std4
1.000000000000000000e+00, 1.342812632268135431e+01, 7.822792712542182336e+00, 7.132690985616208401e+00, 0.000000000000000000e+00
