# nro,promedio_std1,promedio_std2,promedio_std3,promedio_std4
1.000000000000000000e+00, 1.111720396943781530e+01, 9.416934425230246930e+00, 5.891168170553462602e+01, 4.151520487604055631e+01
