# nro,promedio_std1,promedio_std2,promedio_std3,promedio_std4
1.000000000000000000e+00, 3.310706558729133064e+01, 1.811517187012445262e+01, 1.341346159612386657e+02, 2.236383963927706020e+01
2.000000000000000000e+00, 2.090718991736536836e+01, 6.112813338534650143e+00, 1.406545557160012372e+01, 4.839554796595594155e+01
3.000000000000000000e+00, 1.137965867873511705e+01, 6.663556837217476492e+00, 1.179489186792067379e+01, 4.134939253615126376e+01
4.000000000000000000e+00, 6.229660309650654426e+00, 1.036057780989404797e+01, 2.054659500206203759e+01, 3.286772731062774966e+01
5.000000000000000000e+00, 1.203773699934638763e+01, 7.766828463619349421e+00, 1.514262267428765796e+01, 2.865321683610974191e+01
