# nro,promedio1,promedio2,promedio3,promedio4
1.000000000000000000e+00, 5.484048582995951620e+02, 8.110607287449392970e+02, 7.796072874493927429e+02, 6.179028340080972157e+02
2.000000000000000000e+00, 5.024696356275303515e+02, 6.341781376518218849e+02, 5.713117408906882702e+02, 4.959311740890688043e+02
