# nro,promedio1,promedio2,promedio3,promedio4
1.000000000000000000e+00, 4.664372469635627567e+02, 4.956518218623481857e+02, 5.945384615384615472e+02, 1.319165991902834094e+03
2.000000000000000000e+00, 4.114655870445344021e+02, 4.218502024291498174e+02, 4.986963562753036285e+02, 1.079935222672064810e+03
3.000000000000000000e+00, 4.526396761133603377e+02, 4.421781376518218849e+02, 5.353198380566801688e+02, 9.398218623481781151e+02
