# nro,promedio_std1,promedio_std2,promedio_std3,promedio_std4
1.000000000000000000e+00, 1.201174661511497455e+01, 1.034431415571671309e+01, 5.525756671156851318e+00, 1.106927903493979493e+01
2.000000000000000000e+00, 7.977584604351678266e+00, 8.805927680102795918e+00, 1.109516810738713843e+01, 1.687992775038548388e+01
3.000000000000000000e+00, 8.086922670639889787e+00, 1.241914563954780171e+01, 1.723379303625190673e+01, 2.292528415974764755e+01
