# nro,promedio1,promedio2,promedio3,promedio4
1.000000000000000000e+00, 4.387368421052631788e+02, 4.977125506072874259e+02, 5.641983805668015748e+02, 5.773198380566801688e+02
