# nro,promedio_std1,promedio_std2,promedio_std3,promedio_std4
1.000000000000000000e+00, 7.665859069246601543e+00, 5.971186421906005570e+00, 7.820797741482853560e+00, 1.206670228916978793e+01
2.000000000000000000e+00, 1.028829141890336452e+01, 8.765059699380726599e+00, 7.574936652889204147e+00, 1.025577755701738525e+01
3.000000000000000000e+00, 1.054272778496299345e+01, 5.922023865809140197e+00, 5.032566173124373599e+00, 1.566303470380825402e+01
4.000000000000000000e+00, 1.340733600882784771e+01, 1.446227176691021299e+01, 2.279292971378695398e+01, 3.026396787130497401e+01
5.000000000000000000e+00, 2.237222273370964132e+01, 1.879336266060709448e+01, 1.583949100581558866e+01, 7.720186004461534246e+00
6.000000000000000000e+00, 1.135205345614454586e+01, 2.943703342523097177e+01, 1.298535827682868842e+02, 1.135205345614454586e+01
