# nro,promedio1,promedio2,promedio3,promedio4
1.000000000000000000e+00, 5.232024291497975810e+02, 2.197360323886639890e+03, 8.602793522267206754e+02, 1.186696356275303742e+03
