# nro,promedio1,promedio2,promedio3,promedio4
1.000000000000000000e+00, 6.098785425101214059e+02, 5.258744939271255134e+02, 6.401983805668015748e+02, 5.613927125506072571e+02
2.000000000000000000e+00, 5.396032388663967367e+02, 7.348704453441295072e+02, 9.506599190283400276e+02, 9.929514170040486079e+02
3.000000000000000000e+00, 5.708461538461538112e+02, 7.078178137651822226e+02, 8.625344129554655410e+02, 8.175303643724696485e+02
4.000000000000000000e+00, 5.219109311740891144e+02, 5.686761133603239387e+02, 7.606923076923077360e+02, 7.260728744939270882e+02

