# nro,promedio1,promedio2,promedio3,promedio4
1.000000000000000000e+00, 4.414817813765181995e+02, 7.758340080971660200e+02, 5.917368421052631220e+02, 5.593562753036437698e+02
2.000000000000000000e+00, 4.230769230769230944e+02, 6.374655870445344590e+02, 5.387651821862348243e+02, 5.422186234817813784e+02
3.000000000000000000e+00, 4.115384615384615472e+02, 6.173238866396760613e+02, 5.252631578947368780e+02, 5.464655870445344590e+02
