# nro,promedio1,promedio2,promedio3,promedio4
1.000000000000000000e+00, 5.206639676113360338e+02, 4.751255060728744866e+02, 4.938380566801619693e+02, 5.965222672064777498e+02
2.000000000000000000e+00, 4.357813765182186216e+02, 4.428097165991902671e+02, 4.773117408906882702e+02, 5.642226720647773845e+02
3.000000000000000000e+00, 4.308866396761133615e+02, 4.438016194331983684e+02, 5.368259109311741213e+02, 4.308866396761133615e+02
