# nro,promedio_std1,promedio_std2,promedio_std3,promedio_std4
1.000000000000000000e+00, 7.507406997684201500e+00, 1.985877955896678060e+01, 1.212537562534172153e+01, 3.430606022266973554e+01
