# nro,promedio1,promedio2,promedio3,promedio4
1.000000000000000000e+00, 5.924817813765182564e+02, 5.634574898785425603e+02, 8.263846153846153584e+02, 1.792469635627530351e+03
2.000000000000000000e+00, 5.461133603238866954e+02, 5.905668016194332495e+02, 7.481093117408906892e+02, 1.546898785425101323e+03
3.000000000000000000e+00, 4.644696356275303515e+02, 5.022348178137651757e+02, 6.546639676113360338e+02, 1.132963562753036513e+03
4.000000000000000000e+00, 4.620607287449392970e+02, 4.995263157894736992e+02, 6.044291497975708580e+02, 9.258178137651822226e+02
5.000000000000000000e+00, 4.929352226720647536e+02, 4.966761133603238818e+02, 5.644210526315789593e+02, 8.016072874493927429e+02

