# nro,promedio_std1,promedio_std2,promedio_std3,promedio_std4
1.000000000000000000e+00, 1.333007740518850603e+01, 6.513549765020263393e+00, 1.244428254950477708e+01, 4.396849821281031723e+01
2.000000000000000000e+00, 8.512155136303535485e+00, 1.034362010201922288e+01, 9.735374909448220038e+00, 8.829763041546668489e+01
3.000000000000000000e+00, 9.910024832205262868e+00, 8.136084607480892572e+00, 7.695918606990898247e+00, 5.580818334435801376e+01
4.000000000000000000e+00, 1.411435211057594152e+01, 9.685244620022238848e+00, 1.794035440790411329e+01, 3.431131596598333999e+01
5.000000000000000000e+00, 1.632674509867839063e+01, 1.293992488962330611e+01, 4.218817747125934048e+00, 2.044593016356568782e+01

