# nro,promedio_std1,promedio_std2,promedio_std3,promedio_std4
1.000000000000000000e+00, 7.487267298396200310e+00, 7.307269493302789520e+00, 1.676381777486540869e+01, 1.945173289544765893e+01
2.000000000000000000e+00, 1.515766332568433583e+01, 3.908847149286656730e+01, 6.242870424180811284e+01, 1.256489587578253442e+01
3.000000000000000000e+00, 9.095226176900121473e+00, 2.052165020561373865e+01, 1.023954433987593760e+01, 6.373804447909618887e+01
4.000000000000000000e+00, 1.192351751624367751e+01, 2.976108100631086373e+01, 4.538444419532374496e+01, 4.755152919722017657e+01
5.000000000000000000e+00, 1.121969657524821962e+01, 3.279793342651746002e+01, 4.093198019365042484e+01, 3.543186054657861916e+01
