# nro,promedio1,promedio2,promedio3,promedio4
1.000000000000000000e+00, 5.597246963562753308e+02, 5.442145748987853722e+02, 1.134028340080971702e+03, 1.765161943319837974e+03
