# nro,promedio1,promedio2,promedio3,promedio4
1.000000000000000000e+00, 4.232105263157894797e+02, 4.389716599190283546e+02, 5.132793522267206754e+02, 7.350445344129554996e+02
2.000000000000000000e+00, 4.143886639676113077e+02, 4.453238866396761182e+02, 4.845627530364372433e+02, 6.734089068825910545e+02
3.000000000000000000e+00, 4.210688259109311957e+02, 4.162348178137651757e+02, 4.585910931174088887e+02, 6.278056680161943177e+02
4.000000000000000000e+00, 4.232631578947368212e+02, 5.309757085020243039e+02, 5.560931174089068918e+02, 6.560850202429149931e+02
5.000000000000000000e+00, 4.680769230769230944e+02, 4.805829959514169900e+02, 5.625141700404858511e+02, 6.378259109311741213e+02
6.000000000000000000e+00, 5.509635627530363990e+02, 7.304493927125506616e+02, 1.182919028340081013e+03, 5.509635627530363990e+02
