# nro,promedio_std1,promedio_std2,promedio_std3,promedio_std4
1.000000000000000000e+00, 5.120143532138836662e+00, 2.094679485090083659e+01, 3.776637833954046641e+01, 1.737990805742778377e+01
2.000000000000000000e+00, 1.7305962458241797e+01, 1.587e+01, 7.232409613591979e+01, 5.737990805742778377e+01
3.000000000000000000e+00, 1.372985822460811889e+01, 1.408933989222232341e+01, 7.596138674067173469e+00, 2.294024157970413924e+01
4.000000000000000000e+00, 5.295199879699437950e+00, 7.387285102329824049e+00, 8.505877283871047467e+00, 3.756516910489287397e+01
