# nro,promedio1,promedio2,promedio3,promedio4
1.000000000000000000e+00, 5.760323886639675948e+02, 1.126720647773279325e+03, 6.264615384615384528e+02, 5.226720647773279325e+02
2.000000000000000000e+00, 4.477732793522267229e+02, 7.460850202429149931e+02, 5.380809716599189869e+02, 4.912874493927125741e+02
3.000000000000000000e+00, 4.332429149797570744e+02, 6.414736842105263577e+02, 5.128947368421053170e+02, 5.592429149797570744e+02
4.000000000000000000e+00, 4.051214574898785372e+02, 5.465668016194332495e+02, 4.626356275303643883e+02, 4.421214574898785372e+02
5.000000000000000000e+00, 4.172469635627530238e+02, 4.581012145748987905e+02, 4.560971659919028411e+02, 5.153279352226720675e+02
6.000000000000000000e+00, 4.057975708502024190e+02, 4.554291497975708580e+02, 4.135546558704453446e+02, 4.007449392712550775e+02
7.000000000000000000e+00, 4.917327935222672295e+02, 5.024372469635627567e+02, 4.863481781376518143e+02, 6.223562753036437698e+02
8.000000000000000000e+00, 5.926963562753036285e+02, 6.551821862348177774e+02, 6.294534412955465541e+02, 4.869716599190283546e+02
9.000000000000000000e+00, 4.444817813765181995e+02, 4.222712550607287199e+02, 4.335384615384615472e+02, 4.211012145748987905e+02
