# nro,promedio1,promedio2,promedio3,promedio4
1.000000000000000000e+00, 4.725910931174088887e+02, 7.063400809716599724e+02, 7.981659919028339800e+02, 7.256608996539792e+02
