# nro,promedio_std1,promedio_std2,promedio_std3,promedio_std4
1.000000000000000000e+00, 8.554522704942147726e+00, 1.778200978939137400e+01, 4.354578029756737578e+00, 2.712172008142890789e+01
2.000000000000000000e+00, 2.721609864591972894e+01, 2.743985538873205954e+01, 1.321337044006818040e+01, 1.319799557323293193e+01
3.000000000000000000e+00, 8.791003658073679006e+00, 5.410031035451961401e+00, 8.997346994880581761e+00, 1.569460652577560644e+01
4.000000000000000000e+00, 5.553803005782786961e+00, 6.310124107017523798e+00, 6.509005987381051739e+00, 5.553803005782786961e+00
