# nro,promedio_std1,promedio_std2,promedio_std3,promedio_std4
1.000000000000000000e+00, 5.214285706266622356e+00, 9.352352909396318026e+00, 9.961503701747766115e+00, 2.175925008325452126e+01
