# nro,promedio1,promedio2,promedio3,promedio4
1.000000000000000000e+00, 4.232105263157894797e+02, 5.850404858299594935e+02, 7.347177419354839003e+02, 1.23558400e+03
