# nro,promedio_std1,promedio_std2,promedio_std3,promedio_std4
1.000000000000000000e+00, 1.391144843104256523e+01, 5.059860654291099991e+00, 7.548930141204039046e+00, 1.931847716903360279e+01
