# nro,promedio_std1,promedio_std2,promedio_std3,promedio_std4
1.000000000000000000e+00, 3.666254414197839395e+01, 6.093438865987404363e+00, 1.588031173110116434e+01, 1.331882894913715631e+01
2.000000000000000000e+00, 2.777309698834145379e+01, 5.769547544396561811e+00, 1.756249638165185090e+01, 1.231350810812644525e+01
3.000000000000000000e+00, 1.274267685396516825e+01, 1.143389367201489115e+01, 1.100561398332512120e+01, 1.274267685396516825e+01
