# nro,promedio_std1,promedio_std2,promedio_std3,promedio_std4
1.000000000000000000e+00, 1.020711446944042677e+01, 1.822550207528394139e+01, 9.188398030227087787e+00, 6.021028348743318048e+00
2.000000000000000000e+00, 5.863944466946803047e+00, 9.698118389833872754e+00, 9.414086388899265856e+00, 7.926430723895734332e+00
3.000000000000000000e+00, 8.635541167754226421e+00, 1.369795323629920070e+01, 9.924668313101445705e+00, 2.509685086792163489e+01
4.000000000000000000e+00, 1.350298025738891017e+00, 4.701041220387974562e+00, 7.626187165227465314e+00, 2.350728686019603586e+01
5.000000000000000000e+00, 4.665288836700941744e+00, 1.123010515011780974e+01, 2.173223766462436757e+01, 7.581256785068555715e+00
6.000000000000000000e+00, 9.936611697575248314e-01, 8.140096718147736610e+00, 1.117635809855616102e+01, 2.027075009336855249e+00
7.000000000000000000e+00, 1.758983470385051362e+01, 7.611193899956410824e+00, 2.045297328297321116e+01, 8.835928330656901153e+01
8.000000000000000000e+00, 7.704099208733437898e+00, 8.189754045985608855e+00, 4.549063233082048185e+01, 3.136108122280373323e+01
9.000000000000000000e+00, 4.833112850187663234e+00, 5.681430049967773677e+00, 8.011981062640863627e+00, 8.028912742106141920e+00
