# nro,promedio_std1,promedio_std2,promedio_std3,promedio_std4
1.000000000000000000e+00, 2.885583160336927477e+01, 1.441491252691289660e+01, 1.179366889365718585e+01, 1.115865741915469158e+02
2.000000000000000000e+00, 6.448003642304195537e+00, 4.983965175029318573e+00, 6.101113829632810237e+00, 9.702808482698878834e+01
3.000000000000000000e+00, 1.806611017173322509e+01, 1.003680714900082904e+01, 2.243584942107228031e+01, 5.675104243610235955e+01
