# nro,promedio_std1,promedio_std2,promedio_std3,promedio_std4
1.000000000000000000e+00, 1.710682167156710420e+01, 2.860236524162180771e+01, 1.588323660349302457e+01, 1.502139197019114469e+01
2.000000000000000000e+00, 1.957229236276437234e+01, 7.728198817241268337e+00, 8.874689704983145688e+00, 1.494324141095187564e+01
