# nro,promedio_std1,promedio_std2,promedio_std3,promedio_std4
1.000000000000000000e+00, 4.753808846879790551e+00, 1.021354370168940875e+02, 2.996730503799614098e+01, 4.540346464872350651e+01
