# nro,promedio1,promedio2,promedio3,promedio4
1.000000000000000000e+00, 5.723076923076922640e+02, 4.661700404858299862e+02, 5.885991902834008442e+02, 1.545684210526315837e+03
2.000000000000000000e+00, 7.847570850202429256e+02, 1.027757085020242812e+03, 1.000497975708502054e+03, 1.596161943319837974e+03
3.000000000000000000e+00, 6.313076923076922640e+02, 6.314493927125506616e+02, 7.621619433198380875e+02, 1.335935222672064810e+03
4.000000000000000000e+00, 6.263481781376518711e+02, 7.261376518218623914e+02, 8.284089068825910545e+02, 1.142923076923076906e+03
5.000000000000000000e+00, 4.452226720647773277e+02, 4.293117408906882702e+02, 4.998987854251012095e+02, 6.779838056680162026e+02
