# nro,promedio1,promedio2,promedio3,promedio4
1.000000000000000000e+00, 4.807854251012145710e+02, 5.856194331983805341e+02, 6.987813765182186216e+02, 1.086230769230769283e+03
