# nro,promedio_std1,promedio_std2,promedio_std3,promedio_std4
1.000000000000000000e+00, 4.048238851770012303e+00, 4.753260586897489759e+00, 4.957830004053793260e+00, 1.946092657433527862e+01
