# nro,promedio_std1,promedio_std2,promedio_std3,promedio_std4
1.000000000000000000e+00, 7.347657268431054156e+00, 1.363812160444290988e+01, 4.095307316127517794e+01, 1.0637672355163158e+02
