# nro,Area1,Area2,Area3,Area4
1.000000000000000000e+00, 1.174139500000000000e+06, 8.578020000000000000e+05, 2.557359500000000000e+06, 5.818235000000000000e+05
