# nro,promedio_std1,promedio_std2,promedio_std3,promedio_std4
1.000000000000000000e+00, 7.487267298396200310e+00, 7.307269493302789520e+00, 1.676381777486540869e+01, 1.945173289544765893e+01
