# nro,promedio1,promedio2,promedio3,promedio4
1.000000000000000000e+00, 5.723076923076922640e+02, 4.661700404858299862e+02, 5.885991902834008442e+02, 1.545684210526315837e+03
