# nro,Area1,Area2,Area3,Area4
1.000000000000000000e+00, 1.051830000000000000e+06, 6.525460000000000000e+05, 1.062561000000000000e+06, 8.026985000000000000e+05
