# nro,Area1,Area2,Area3,Area4
1.000000000000000000e+00, 8.590485000000000000e+05, 6.349960000000000000e+05, 7.958980000000000000e+05, 7.213475000000000000e+05
