# nro,Area1,Area2,Area3,Area4
1.000000000000000000e+00, 6.779475000000000000e+05, 5.697410000000000000e+05, 9.829985000000000000e+05, 5.568670000000000000e+05
