# nro,promedio_std1,promedio_std2,promedio_std3,promedio_std4
1.000000000000000000e+00, 5.120143532138836662e+00, 2.094679485090083659e+01, 3.776637833954046641e+01, 1.737990805742778377e+01
