# nro,promedio1,promedio2,promedio3,promedio4
1.000000000000000000e+00, 6.135991902834008442e+02, 8.733441295546558649e+02, 1.147753036437246919e+03, 1.644550607287449338e+03
