# nro,promedio1,promedio2,promedio3,promedio4
1.000000000000000000e+00, 4.244048582995951620e+02, 4.334939271255060476e+02, 4.802145748987854290e+02, 8.517246963562753308e+02
